Borough,CensusTract,MeanCommute,Transit,Income,Poverty,Unemployment,WorkAtHome
Manhattan,36061003002,29.6,59.5,50625,18.7,3.9,3.1
Manhattan,36061006300,25.6,57.2,113284,4.0,5.8,5.9
Manhattan,36061017800,36.5,69.8,32896,24.6,7.6,4.0
Manhattan,36061018800,34.0,71.6,29146,29.7,12.5,1.2
Manhattan,36061020300,22.2,35.4,36667,26.6,6.7,10.2
Manhattan,36061013900,30.0,56.2,91952,7.3,5.7,10.4
Manhattan,36061014500,25.4,50.9,161685,4.4,4.7,10.7
Manhattan,36061014700,24.5,48.5,137328,3.0,3.8,5.7
Manhattan,36061006400,25.0,56.2,96090,8.6,4.3,6.6
Manhattan,36061006500,22.7,59.6,97718,12.3,3.4,6.1
Manhattan,36061019702,31.2,67.7,63135,25.7,5.5,15.6
Bronx,36005035100,45.2,43.2,71913,17.1,14.1,7.5
Bronx,36005036700,40.3,61.2,23720,49.8,15.4,2.4
Bronx,36005038100,45.4,65.0,25891,34.3,19.5,7.2
Bronx,36005038800,42.6,45.3,51298,20.5,24.5,1.5
Bronx,36005039700,29.1,36.3,21228,51.0,9.2,10.1
Bronx,36005039901,45.5,72.8,22747,47.4,18.1,6.2
Bronx,36005040900,47.4,71.4,46278,17.1,13.8,0.0
Bronx,36005042000,47.2,66.5,28125,25.2,10.5,0.6
Bronx,36005042400,56.4,55.1,57716,14.3,10.1,3.2
Bronx,36005042800,41.7,36.3,63017,9.3,7.8,5.5
Bronx,36005041100,37.6,61.5,41047,21.4,14.1,0.0
Bronx,36005041300,40.8,65.3,38796,21.9,13.8,1.8
Bronx,36005041900,48.8,71.1,45127,20.6,11.6,0.5
Bronx,36005027700,36.5,64.5,33095,33.5,14.6,1.7
Bronx,36005028500,42.1,54.9,54232,17.1,5.7,2.9
Bronx,36005028600,30.6,32.4,61563,21.6,9.8,1.9
Bronx,36005028900,41.9,54.9,47361,13.4,11.1,6.0
Bronx,36005031200,34.5,33.7,62275,4.0,10.4,2.9
Bronx,36005018900,38.7,52.7,21180,44.1,16.7,5.3
Bronx,36005019900,39.2,72.1,24914,38.1,13.4,1.6
Bronx,36005020200,45.7,59.6,38487,25.9,7.0,2.5
Bronx,36005020601,51.2,69.3,76429,16.1,17.2,3.2
Bronx,36005021100,38.5,60.5,23724,47.7,19.1,4.2
Bronx,36005021200,40.1,66.1,51443,13.7,14.7,1.7
Bronx,36005021601,46.0,69.4,25847,42.9,19.0,3.2
Bronx,36005025600,42.5,49.9,37236,27.9,29.1,2.7
Bronx,36005022703,33.4,62.4,45673,27.1,7.7,0.0
Bronx,36005023702,46.0,78.2,32500,35.1,13.8,2.3
Bronx,36005024000,41.0,62.1,34705,27.9,16.0,2.2
Bronx,36005026300,45.6,67.3,32663,34.4,13.2,9.3
Bronx,36005026500,43.3,65.3,31147,32.3,13.0,6.8
Bronx,36005028100,48.7,58.1,61886,7.6,14.8,3.5
Bronx,36005028300,38.2,50.6,24759,32.5,12.5,2.9
Bronx,36005031400,39.7,41.1,83393,5.7,7.7,1.3
Bronx,36005032800,36.1,52.1,30089,31.7,15.4,1.3
Bronx,36005037400,43.7,63.9,25974,39.4,18.6,3.6
Bronx,36005038200,40.3,48.0,46953,22.2,20.0,0.7
Bronx,36005002300,42.7,74.5,14479,54.2,18.9,4.1
Bronx,36005003900,42.9,83.6,25990,30.2,9.3,4.8
Bronx,36005005400,41.3,67.9,27380,41.7,8.9,3.9
Bronx,36005006200,41.6,66.7,24480,34.7,11.4,7.1
Bronx,36005006800,42.9,58.5,47232,22.5,12.5,1.1
Bronx,36005007100,44.4,68.3,38289,28.8,16.5,1.4
Bronx,36005008600,46.2,61.7,23045,39.1,9.4,0.6
Bronx,36005008700,44.5,70.7,29188,30.4,8.3,6.0
Bronx,36005029301,37.6,41.7,102045,10.4,10.8,9.0
Bronx,36005029302,46.3,38.0,94695,1.4,6.3,6.6
Bronx,36005030900,45.9,40.8,87238,3.1,5.5,10.3
Bronx,36005032600,39.8,35.1,56429,6.5,10.7,1.2
Bronx,36005033201,44.4,61.6,43038,22.3,14.8,3.7
Bronx,36005030701,42.8,38.1,80846,7.8,4.4,8.5
Bronx,36005033202,42.1,54.5,40638,23.1,17.3,0.3
Bronx,36005033500,39.2,43.0,86983,6.5,8.4,7.9
Bronx,36005033700,43.0,34.4,83917,5.8,8.0,6.0
Bronx,36005034800,52.5,60.6,36156,21.8,17.7,4.8
Bronx,36005036000,40.6,41.8,65938,7.9,15.3,0.0
Bronx,36005037504,42.1,60.8,15707,51.7,19.2,5.0
Bronx,36005038301,43.5,61.0,26295,39.9,16.2,6.3
Bronx,36005038302,52.2,79.6,22917,49.3,18.9,2.9
Bronx,36005039500,45.4,57.8,25702,34.7,12.7,5.5
Bronx,36005040303,46.8,75.2,40731,34.9,13.7,2.8
Bronx,36005023502,40.7,75.0,21582,41.8,17.1,6.0
Manhattan,36061019100,31.4,70.0,83188,10.2,5.0,5.7
Manhattan,36061019701,31.2,70.3,72000,36.9,8.1,8.6
Manhattan,36061020600,33.0,71.3,39468,25.1,8.2,4.7
Manhattan,36061021800,34.4,75.6,47155,39.0,12.5,6.9
Manhattan,36061000900,26.1,51.9,147500,6.0,2.8,10.4
Bronx,36005025100,40.9,72.9,28615,34.6,10.0,0.0
Bronx,36005025500,42.1,67.9,19458,50.3,17.2,3.4
Bronx,36005026400,37.7,34.0,72019,14.2,9.1,3.8
Bronx,36005033600,39.4,53.4,26071,31.6,13.0,0.6
Bronx,36005034300,43.2,42.7,71780,11.8,8.3,3.9
Bronx,36005002000,46.0,68.2,18086,53.2,17.2,0.0
Bronx,36005006900,38.3,63.8,19741,44.0,16.7,4.9
Manhattan,36061003601,23.9,53.1,44286,32.9,14.8,5.3
Manhattan,36061004500,24.1,53.9,139079,3.8,3.3,17.3
Manhattan,36061005502,27.5,61.0,138523,12.8,4.4,6.7
Manhattan,36061005600,25.3,68.2,115521,19.6,11.4,5.9
Manhattan,36061006200,24.8,40.1,82102,36.9,7.4,3.8
Manhattan,36061007700,22.8,54.9,127729,3.5,4.2,8.7
Manhattan,36061008000,23.6,32.2,110242,10.5,4.9,12.4
Manhattan,36061009000,26.8,37.0,119196,8.9,2.2,8.4
Manhattan,36061009200,25.5,37.2,122379,5.4,1.7,7.4
Manhattan,36061028300,46.4,68.9,49612,12.3,6.1,4.6
Manhattan,36061029100,45.0,66.3,28743,28.9,21.1,3.4
Manhattan,36061029500,42.0,65.3,65160,14.7,13.1,9.5
Manhattan,36061025500,29.7,49.4,50228,28.8,11.7,11.8
Manhattan,36061022200,36.4,80.3,32361,42.8,6.8,4.9
Manhattan,36061012500,23.4,36.4,150682,8.8,3.1,3.1
Manhattan,36061020101,18.5,38.4,82353,16.2,4.2,10.6
Manhattan,36061007800,29.6,41.7,120205,7.6,6.9,6.1
Manhattan,36061011202,17.1,10.3,192857,4.5,0.0,13.5
Manhattan,36061017401,39.6,68.4,21435,36.6,10.4,9.5
Manhattan,36061020701,19.7,31.4,60798,29.6,2.4,13.1
Manhattan,36061003200,30.8,59.7,71033,10.9,4.4,6.7
Manhattan,36061014601,32.2,68.8,120257,3.8,2.6,5.7
Manhattan,36061016500,33.9,71.2,126346,6.2,4.1,11.6
Manhattan,36061027900,37.4,65.5,48242,14.9,9.6,4.9
Manhattan,36061011203,20.9,27.1,128083,10.9,1.9,7.2
Manhattan,36061018400,36.6,70.3,25581,33.2,9.6,2.1
Manhattan,36061000202,30.9,41.5,29684,24.6,15.1,7.0
Manhattan,36061001502,23.7,60.8,133209,8.3,3.5,5.8
Manhattan,36061002202,29.1,58.4,68750,17.4,5.5,2.9
Manhattan,36061002700,26.5,49.2,57171,11.8,4.5,4.0
Manhattan,36061004700,23.7,55.7,101786,11.2,5.1,8.3
Manhattan,36061005000,23.6,58.2,102723,8.0,10.4,2.9
Manhattan,36061009500,22.1,39.3,145956,13.7,8.4,13.6
Manhattan,36061009800,24.6,42.8,122331,4.1,2.9,6.0
Manhattan,36061020800,36.4,70.8,42220,25.6,11.0,6.3
Manhattan,36061017402,31.6,66.4,37426,29.1,13.6,7.3
Manhattan,36061018700,31.5,60.4,110385,12.0,5.3,9.1
Manhattan,36061018900,35.7,75.7,28158,36.0,16.5,2.2
Manhattan,36061021000,39.7,80.5,29811,34.5,11.8,3.3
Manhattan,36061022500,38.4,73.9,48157,27.2,12.2,6.2
Manhattan,36061024301,41.3,69.5,38067,32.5,18.4,9.3
Manhattan,36061024302,44.9,68.6,20371,42.6,29.7,4.8
Manhattan,36061027300,40.3,68.0,74621,17.0,11.6,10.1
Manhattan,36061028700,41.6,74.5,46891,26.7,10.2,3.0
Manhattan,36061030900,38.7,60.0,27513,30.4,13.2,4.5
Manhattan,36061004000,30.3,63.2,85338,13.0,4.1,6.8
Manhattan,36061002601,33.4,59.5,43854,25.6,8.4,1.5
Manhattan,36061002602,30.7,42.4,70037,14.2,2.8,3.8
Manhattan,36061010400,28.7,34.7,111806,7.9,6.2,15.9
Manhattan,36061011900,16.5,23.9,11671,55.5,12.9,15.6
Manhattan,36061013200,33.3,58.9,78647,7.0,3.9,2.6
Manhattan,36061013400,27.0,59.4,97801,14.3,4.6,3.6
Manhattan,36061013600,31.5,58.2,108587,3.1,4.3,6.2
Manhattan,36061014402,33.9,58.8,117656,5.4,3.8,11.1
Manhattan,36061014801,29.4,66.7,167667,4.4,3.0,6.2
Manhattan,36061015700,28.3,63.9,122734,6.5,3.7,12.8
Manhattan,36061015801,29.1,61.9,136750,4.8,6.1,9.3
Manhattan,36061016100,29.5,65.3,126727,2.8,4.1,3.9
Manhattan,36061016400,36.9,66.2,33493,24.1,11.1,1.2
Manhattan,36061019600,35.6,80.2,19045,37.3,9.2,5.2
Manhattan,36061018000,34.6,79.1,31842,25.7,10.9,1.3
Manhattan,36061018500,35.8,71.8,91776,7.2,8.0,9.6
Manhattan,36061019000,34.9,78.0,58750,17.7,4.8,4.0
Manhattan,36061019300,30.1,71.6,32236,32.1,12.0,0.0
Manhattan,36061019400,32.2,70.6,27273,54.5,9.7,4.0
Manhattan,36061021200,31.4,65.1,52263,9.2,14.7,7.3
Manhattan,36061022400,37.0,73.6,25000,45.5,11.7,7.8
Manhattan,36061023200,37.7,71.7,28800,30.2,18.4,2.4
Manhattan,36061023900,42.8,64.1,41036,22.6,14.0,3.6
Manhattan,36061024100,35.0,56.7,47957,25.7,10.6,6.0
Manhattan,36061029300,42.9,63.6,32509,31.3,15.8,0.9
Bronx,36005012901,43.4,75.6,18269,48.9,14.1,5.8
Bronx,36005013000,39.2,30.4,77917,5.7,6.7,2.0
Bronx,36005036901,47.7,65.1,14821,53.3,20.7,6.5
Bronx,36005005600,40.0,65.0,17771,38.0,16.8,1.3
Bronx,36005002702,44.0,83.6,17147,52.7,10.6,0.5
Bronx,36005003300,42.5,68.4,19923,56.3,18.5,1.8
Bronx,36005007200,42.2,60.1,37634,33.4,7.4,2.3
Bronx,36005012101,46.4,77.7,27813,43.1,10.6,2.7
Bronx,36005012102,44.1,70.2,20028,49.6,17.7,0.0
Bronx,36005012300,43.3,69.6,21300,45.1,10.6,4.5
Bronx,36005013300,36.5,62.0,25282,25.5,15.0,2.1
Bronx,36005014300,39.7,73.1,12000,52.2,17.8,4.1
Bronx,36005014400,58.5,55.7,19418,46.4,19.7,0.4
Bronx,36005014500,52.4,69.0,22711,50.4,21.5,0.0
Bronx,36005016600,46.3,45.7,63421,10.2,9.1,5.7
Bronx,36005019400,43.5,39.2,51176,23.6,11.1,0.6
Bronx,36005021301,29.9,59.5,16378,48.2,13.3,6.3
Bronx,36005022901,36.3,63.7,24115,36.4,16.2,6.3
Bronx,36005013200,41.4,30.6,96701,7.0,7.5,0.0
Bronx,36005020100,37.9,63.2,24160,43.0,9.8,7.6
Bronx,36005039000,44.2,63.9,32364,37.4,26.5,0.0
Bronx,36005039300,43.2,61.0,20891,43.3,17.4,8.4
Bronx,36005040302,41.7,68.5,25724,35.3,13.3,5.7
Bronx,36005040400,41.6,48.0,36691,13.8,15.7,3.8
Bronx,36005040701,44.6,72.3,30354,36.5,9.8,1.2
Bronx,36005041500,42.3,72.7,42207,21.4,13.3,1.3
Bronx,36005043600,53.2,46.0,57564,14.2,10.0,2.3
Bronx,36005044800,49.0,43.1,78456,5.7,10.7,0.0
Bronx,36005051600,35.7,14.3,76771,4.0,7.4,4.6
Bronx,36005039200,53.9,59.5,39457,28.3,17.0,3.1
Bronx,36005038900,39.5,57.8,28240,48.0,14.5,4.4
Bronx,36005039100,40.8,57.1,30661,41.4,8.7,2.9
Bronx,36005039400,49.0,62.6,33708,31.7,16.7,3.1
Bronx,36005039800,41.3,32.1,70552,15.0,16.1,2.1
Bronx,36005041400,43.0,53.0,53750,12.8,19.2,1.2
Bronx,36005041800,43.3,50.0,37829,35.5,13.3,6.4
Bronx,36005042200,46.5,54.1,51701,11.7,13.7,0.0
Bronx,36005043000,38.2,49.1,52096,7.3,9.5,0.0
Bronx,36005043100,42.2,64.8,31028,30.1,12.5,3.5
Bronx,36005009200,48.4,67.9,35227,21.3,18.6,0.4
Bronx,36005012701,39.7,72.2,18641,49.4,9.0,0.5
Bronx,36005013500,41.6,68.2,23279,40.2,12.3,1.6
Bronx,36005013800,35.6,24.5,79773,5.5,7.9,2.2
Bronx,36005016100,44.0,69.8,12467,51.6,17.8,3.0
Bronx,36005019500,40.1,63.3,26706,34.4,15.0,7.2
Bronx,36005022902,40.3,64.2,24142,34.6,19.4,6.2
Bronx,36005023302,44.1,72.2,22566,50.1,14.0,7.5
Bronx,36005024400,41.6,41.8,59063,9.9,14.5,2.5
Bronx,36005026900,43.0,65.5,33365,34.8,16.1,1.6
Bronx,36005027300,44.5,67.5,42093,24.4,16.4,1.4
Bronx,36005029500,43.9,60.6,100750,5.9,5.0,3.9
Bronx,36005029700,45.7,42.9,93452,3.1,6.4,4.9
Bronx,36005031000,33.8,24.2,80724,11.0,7.1,3.4
Bronx,36005031600,36.7,34.1,70759,15.1,8.3,1.0
Bronx,36005031800,49.1,57.5,55739,12.7,13.8,4.2
Bronx,36005032300,44.2,45.2,87483,3.5,11.6,5.1
Bronx,36005032400,45.8,61.9,27946,33.1,9.4,1.0
Bronx,36005033400,39.9,53.2,45739,19.2,11.1,0.0
Bronx,36005036300,43.8,70.1,18499,48.7,27.2,0.0
Bronx,36005036902,52.4,67.3,25100,45.3,18.6,2.0
Bronx,36005037300,45.0,60.7,29033,37.3,13.6,4.0
Bronx,36005037800,40.4,59.2,35625,25.1,19.5,2.0
Bronx,36005037900,46.3,80.6,27841,43.1,16.9,1.3
Bronx,36005038700,34.3,46.1,19362,48.7,20.9,9.3
Bronx,36005039600,42.1,58.5,35221,27.8,18.7,3.2
Bronx,36005040100,44.5,71.0,33487,42.3,22.3,5.7
Bronx,36005040600,47.3,59.1,44773,26.7,7.1,2.9
Bronx,36005042300,42.6,58.0,31786,36.5,18.5,3.5
Bronx,36005042500,45.6,64.8,28643,35.1,19.1,7.3
Bronx,36005042901,45.0,70.1,39625,30.9,7.5,3.8
Bronx,36005044200,57.8,64.7,38603,26.5,14.1,1.1
Bronx,36005030100,42.1,36.2,76771,12.3,3.4,4.0
Manhattan,36061001001,31.3,52.6,73239,5.8,12.0,7.8
Manhattan,36061000700,24.9,62.3,117841,10.6,4.4,6.9
Manhattan,36061010300,22.4,47.8,94607,8.4,3.8,0.4
Bronx,36005016700,43.5,68.2,27222,43.8,15.5,2.7
Bronx,36005022401,43.3,71.1,43611,21.4,17.0,2.1
Bronx,36005002800,47.3,48.2,49529,8.5,12.8,2.7
Bronx,36005007900,41.1,71.0,24278,44.7,14.4,4.1
Bronx,36005015800,40.8,38.3,77045,11.5,7.5,3.2
Bronx,36005021800,43.6,56.6,37303,22.1,16.6,5.9
Bronx,36005033800,47.0,61.6,37043,33.4,18.4,2.8
Bronx,36005036502,41.0,77.7,19740,46.3,24.8,0.0
Bronx,36005016000,35.7,23.0,77216,3.3,6.9,4.1
Bronx,36005016200,36.2,32.3,70682,14.4,9.3,3.4
Bronx,36005016500,50.2,70.1,26645,33.9,11.0,3.7
Bronx,36005017500,39.3,65.0,22000,45.8,14.4,3.1
Bronx,36005021501,50.7,72.4,26076,38.1,12.9,2.3
Bronx,36005021502,38.3,67.2,18507,44.6,16.4,7.2
Bronx,36005023000,44.0,63.2,43929,23.5,15.3,4.5
Bronx,36005025300,44.8,71.7,30957,24.5,18.4,2.8
Bronx,36005026100,48.6,67.0,73688,8.0,6.5,1.3
Bronx,36005027900,47.2,66.3,55573,11.6,9.5,5.4
Bronx,36005030000,38.7,39.5,51806,11.1,5.7,4.0
Bronx,36005034000,43.0,55.9,34290,31.4,16.7,2.7
Bronx,36005034400,45.8,41.7,67813,14.6,13.0,1.3
Bronx,36005035000,41.3,40.1,52344,15.4,20.7,8.4
Bronx,36005036100,43.1,77.6,18799,44.6,36.2,2.8
Bronx,36005036501,45.2,72.4,21122,45.9,30.3,3.0
Manhattan,36061006600,27.8,49.3,64963,14.7,3.3,7.2
Manhattan,36061006800,22.7,56.9,109526,11.2,8.3,12.1
Manhattan,36061008200,24.1,30.1,107925,7.4,0.9,9.2
Manhattan,36061008400,19.9,35.8,120938,15.4,7.3,10.3
Manhattan,36061001600,29.4,52.9,31452,34.6,4.7,4.5
Manhattan,36061002800,33.8,61.7,30056,34.7,12.0,1.5
Manhattan,36061001300,22.8,59.4,123558,7.4,3.3,6.9
Manhattan,36061001402,32.8,71.4,24375,31.0,5.2,7.6
Manhattan,36061002201,36.4,75.1,34988,27.7,13.0,1.7
Manhattan,36061003001,28.8,64.4,62199,16.0,9.3,2.8
Manhattan,36061003100,23.5,54.9,183500,13.1,12.4,6.1
Manhattan,36061003400,30.0,55.5,67166,24.1,5.1,6.0
Bronx,36005020000,50.1,64.4,44771,27.4,14.7,3.5
Bronx,36005020501,39.1,64.6,23160,35.6,12.6,0.6
Bronx,36005020502,45.9,68.0,15343,43.0,7.9,2.8
Bronx,36005020900,38.3,65.8,27311,35.8,11.0,0.0
Bronx,36005021001,46.5,66.8,48396,14.5,11.6,1.1
Bronx,36005021002,49.0,66.6,43313,18.5,15.4,3.8
Bronx,36005021700,42.5,66.9,22721,51.1,14.3,4.3
Bronx,36005044901,47.2,45.4,67083,15.3,12.0,4.7
Bronx,36005046201,54.9,57.1,43205,6.9,11.8,1.2
Bronx,36005046202,48.5,57.9,40497,19.8,12.5,4.9
Bronx,36005022500,39.3,72.7,29302,36.1,15.6,1.0
Bronx,36005022800,44.3,60.0,45069,17.6,12.8,4.9
Bronx,36005023200,46.8,48.4,44318,23.4,17.6,2.2
Bronx,36005004600,33.7,47.1,40950,25.5,13.4,0.0
Bronx,36005006000,40.4,61.2,41190,35.2,11.1,4.7
Bronx,36005007000,45.4,72.5,34191,30.1,11.8,4.0
Bronx,36005007300,46.2,61.8,18358,50.7,20.2,12.0
Bronx,36005007400,45.4,46.4,44455,19.3,7.1,2.7
Bronx,36005007500,38.8,63.1,25452,31.7,8.5,2.7
Bronx,36005007700,40.2,60.2,26486,37.8,13.6,3.1
Bronx,36005008900,44.3,67.7,20849,32.5,6.5,4.1
Bronx,36005009800,48.3,49.8,57438,23.3,12.7,0.0
Bronx,36005012500,39.3,61.6,26348,42.9,13.5,3.0
Bronx,36005014900,41.6,52.9,27212,48.5,18.1,4.2
Bronx,36005019700,40.3,74.3,25875,35.7,9.3,3.1
Bronx,36005022000,42.0,81.6,23167,52.9,19.5,0.0
Bronx,36005022702,38.1,68.5,23500,34.8,17.4,10.1
Bronx,36005023100,42.1,82.4,24250,42.8,23.3,0.0
Bronx,36005023501,37.5,57.6,27316,50.8,10.2,1.5
Bronx,36005001600,38.8,45.5,32312,26.3,8.7,1.7
Bronx,36005003100,40.1,65.5,37250,18.1,6.6,0.0
Bronx,36005003800,41.3,47.3,37685,31.3,13.1,1.1
Bronx,36005004100,43.5,75.1,18636,53.3,19.2,0.8
Bronx,36005011900,44.3,76.8,22097,39.3,15.6,7.0
Bronx,36005011502,40.5,65.3,21765,47.6,18.5,2.7
Bronx,36005014100,43.8,70.6,32500,26.2,13.1,2.0
Bronx,36005015100,42.4,58.6,30339,28.2,10.4,1.8
Bronx,36005015300,43.7,71.1,19630,50.8,15.1,1.5
Bronx,36005022101,40.1,73.5,25870,41.8,11.6,6.2
Bronx,36005022102,39.7,76.4,18664,49.7,20.5,3.1
Bronx,36005022200,43.1,65.8,40331,28.7,14.0,0.7
Bronx,36005023800,40.9,46.1,50074,28.6,16.9,5.3
Bronx,36005022403,45.9,65.8,38333,25.2,15.7,6.6
Bronx,36005023703,40.7,71.2,27128,43.7,17.3,4.3
Bronx,36005024501,44.8,70.8,24864,45.4,19.4,2.5
Bronx,36005024502,39.4,62.5,25605,54.5,15.3,10.1
Bronx,36005022404,45.9,63.8,42070,20.6,6.4,2.2
Bronx,36005023704,43.8,58.8,20918,55.0,7.2,7.0
Bronx,36005026701,45.0,68.0,37061,29.4,12.0,1.1
Bronx,36005026702,40.9,56.1,39432,27.6,13.5,7.9
Bronx,36005027401,39.2,32.4,80673,4.5,9.9,0.5
Bronx,36005027402,34.9,22.8,71849,9.4,4.4,5.2
Bronx,36005042902,47.7,65.8,27553,34.8,23.4,2.1
Bronx,36005033000,46.9,73.8,37811,25.9,9.3,1.3
Bronx,36005035800,41.8,40.1,64957,6.1,18.2,3.4
Bronx,36005037100,42.3,56.1,19293,36.0,16.1,9.5
Bronx,36005038500,45.1,66.1,20229,54.0,17.3,3.2
Bronx,36005042100,36.1,56.6,36768,30.1,11.3,3.6
Bronx,36005045101,34.5,48.1,62286,3.1,7.8,1.9
Bronx,36005011800,34.7,25.6,83077,11.3,7.0,3.1
Bronx,36005020400,42.1,51.7,49519,18.1,20.5,2.5
Bronx,36005024800,37.8,45.6,52279,9.6,8.7,3.3
Bronx,36005040800,49.8,53.3,32244,26.0,16.7,9.6
Bronx,36005048400,42.9,49.4,69701,6.5,9.9,2.4
Bronx,36005024700,45.4,63.2,41455,29.3,8.1,3.4
Bronx,36005026602,42.3,55.5,40755,19.6,14.9,2.1
Bronx,36005036400,48.9,48.3,55833,5.5,11.7,2.8
Bronx,36005044902,44.8,46.7,62656,8.5,9.3,1.2
Bronx,36005022300,42.2,68.5,24277,41.4,15.3,2.2
Bronx,36005025400,34.5,35.4,50238,15.6,6.6,2.1
Bronx,36005029600,30.3,32.1,49013,14.4,9.3,6.9
Bronx,36005037600,51.9,62.0,50139,11.0,24.6,2.5
Bronx,36005002701,42.8,64.7,20153,52.6,15.2,1.6
Bronx,36005006500,35.9,73.5,21384,44.2,11.6,5.1
Bronx,36005006700,46.2,62.9,21016,47.1,14.6,5.7
Bronx,36005040702,41.1,69.4,29978,30.7,18.9,0.9
Bronx,36005015700,42.8,71.5,33785,26.7,22.6,1.4
Bronx,36005038000,39.7,58.6,33506,38.8,19.0,1.8
Bronx,36005002500,35.5,62.5,17226,50.5,9.4,2.7
Bronx,36005006100,37.5,64.5,48298,9.8,7.8,0.0
Bronx,36005022701,37.5,60.0,29426,30.1,13.2,5.1
Manhattan,36061011800,25.5,34.5,125588,6.5,3.4,8.6
Manhattan,36061015900,30.1,73.2,117900,10.9,1.3,9.1
Manhattan,36061024500,37.0,64.3,35394,30.8,10.3,6.2
Manhattan,36061002000,43.5,68.8,16778,48.1,14.1,0.0
Manhattan,36061003900,28.3,50.6,135250,6.2,2.8,9.6
Manhattan,36061004100,24.9,54.0,59570,18.5,5.8,2.9
Bronx,36005030200,45.8,51.7,51536,7.9,12.0,1.3
Bronx,36005034200,44.9,59.6,43304,17.5,17.5,0.0
Bronx,36005037000,43.8,41.9,51515,12.7,10.1,0.0
Bronx,36005037200,46.4,65.3,46250,19.0,17.3,0.0
Bronx,36005039902,41.4,67.4,24799,42.3,18.4,3.1
Bronx,36005042600,44.2,46.4,54306,16.6,13.8,1.3
Bronx,36005045800,53.2,70.3,16161,54.8,8.0,0.0
Bronx,36005046000,47.4,58.8,32340,29.5,15.0,2.2
Bronx,36005023900,40.8,69.6,20985,45.2,12.4,3.0
Bronx,36005024100,41.4,63.1,23856,38.6,15.9,4.8
Bronx,36005026601,42.7,54.9,52450,15.0,7.3,2.3
Bronx,36005028700,37.6,57.7,51692,24.6,10.7,4.6
Bronx,36005015500,45.0,72.7,21136,51.7,31.1,0.0
Bronx,36005023600,40.5,60.1,40903,32.2,13.3,1.1
Bronx,36005024300,41.3,62.3,19669,45.3,16.6,3.6
Manhattan,36061022000,37.6,76.5,47808,22.5,8.3,3.6
Manhattan,36061022301,38.6,85.0,37500,24.6,9.6,1.7
Manhattan,36061023300,36.0,73.0,41552,26.0,6.4,8.3
Manhattan,36061023400,34.9,73.6,38854,31.7,18.9,6.1
Manhattan,36061024700,35.8,68.9,40559,22.9,9.4,10.8
Manhattan,36061024900,42.2,64.0,37679,29.6,22.4,0.0
Manhattan,36061026100,40.1,68.0,29702,34.2,19.4,3.2
Manhattan,36061026300,38.4,61.7,29308,29.1,12.1,8.2
Manhattan,36061027500,40.8,56.8,91552,7.7,14.9,10.0
Manhattan,36061028500,42.4,76.1,36500,28.1,23.4,5.3
Manhattan,36061005900,22.4,47.2,103672,3.9,1.6,5.9
Manhattan,36061006700,23.4,51.1,88492,4.9,5.7,10.1
Manhattan,36061006900,26.4,44.9,183750,7.4,3.4,14.9
Manhattan,36061007000,24.5,43.8,101848,9.9,2.6,2.9
Manhattan,36061007300,23.0,49.5,97149,7.0,6.2,10.8
Manhattan,36061007600,23.4,36.5,103264,18.6,3.5,7.2
Manhattan,36061008100,23.8,55.9,111476,10.2,4.8,6.2
Manhattan,36061009100,23.4,51.6,111505,13.2,5.9,11.8
Manhattan,36061009300,30.4,37.8,76058,24.6,7.0,10.3
Manhattan,36061017700,33.7,66.3,77957,17.7,5.6,6.2
Manhattan,36061015601,35.3,67.0,88620,9.7,2.5,5.1
Manhattan,36061016001,33.5,41.8,222222,2.0,4.3,18.5
Manhattan,36061016200,33.8,58.3,21577,40.1,22.8,4.9
Manhattan,36061018600,35.4,80.6,24769,44.4,8.3,12.4
Manhattan,36061020000,32.4,70.6,66000,12.4,3.1,9.3
Manhattan,36061020102,32.9,71.8,54563,18.5,9.3,6.3
Manhattan,36061021400,40.3,77.9,44405,25.6,11.0,4.8
Manhattan,36061022102,37.9,73.8,42284,14.5,10.6,4.8
Manhattan,36061022800,39.9,66.0,33910,30.5,20.8,9.1
Manhattan,36061022900,41.5,70.7,34898,28.8,14.5,8.1
Manhattan,36061023502,43.8,76.9,29293,22.2,14.7,7.1
Manhattan,36061022600,36.2,78.4,36627,34.4,7.2,5.7
Manhattan,36061026500,41.5,77.5,61695,16.5,10.2,4.6
Manhattan,36061003800,28.7,58.1,64800,13.9,4.9,4.0
Manhattan,36061005800,25.8,46.3,157934,4.7,6.6,6.5
Manhattan,36061008800,29.9,30.6,100179,7.6,4.1,10.1
Manhattan,36061012000,24.5,31.5,148833,6.4,3.5,18.7
Manhattan,36061015500,29.7,64.0,106157,5.8,7.5,12.1
Manhattan,36061016600,30.8,71.9,35306,24.5,8.3,5.2
Manhattan,36061016700,26.7,67.7,113276,8.0,4.1,10.4
Manhattan,36061018100,30.8,69.7,70075,7.4,13.6,7.0
Manhattan,36061020901,34.5,84.0,32848,35.4,6.8,5.3
Manhattan,36061022302,41.1,71.6,24241,36.8,14.6,7.1
Manhattan,36061025300,32.6,66.8,36780,27.9,17.8,6.2
Bronx,36005004001,47.4,62.9,48056,16.6,6.8,0.0
Bronx,36005004300,39.6,66.4,21448,46.6,15.6,4.0
Bronx,36005005200,43.2,54.0,17756,49.3,13.5,9.0
Bronx,36005006400,46.7,63.8,30726,41.1,12.2,2.1
Bronx,36005007800,37.6,57.6,30437,31.0,15.7,3.1
Bronx,36005008500,37.9,66.7,27174,39.3,15.1,1.9
Bronx,36005013100,42.8,67.2,25271,35.5,11.5,4.9
Bronx,36005016400,31.6,35.4,60682,10.1,14.6,8.1
Bronx,36005018400,34.3,32.7,60518,14.5,7.1,3.1
Bronx,36005019300,44.6,67.9,23267,50.9,18.7,1.0
Bronx,36005021302,40.4,66.8,30362,34.8,12.9,0.0
Bronx,36005021602,48.6,74.6,41487,20.3,11.2,0.6
Bronx,36005021900,42.6,68.8,31292,29.1,9.1,1.9
Bronx,36005001900,45.4,63.9,37936,37.1,19.2,6.2
Bronx,36005004200,48.5,68.9,25741,40.5,21.0,1.0
Bronx,36005005100,43.6,92.2,18633,49.4,22.6,0.5
Bronx,36005005001,48.2,69.6,27456,34.4,14.5,3.3
Bronx,36005005002,48.2,75.1,28039,45.6,13.3,3.3
Bronx,36005005300,56.8,78.7,17719,54.7,23.7,0.0
Bronx,36005006300,41.4,73.3,32064,27.7,12.8,0.0
Bronx,36005007600,39.4,61.0,33465,34.6,9.4,2.3
Bronx,36005009000,43.8,47.8,27000,36.7,14.6,4.4
Bronx,36005009300,40.1,45.4,30159,40.7,9.5,3.9
Bronx,36005009600,38.0,52.4,41250,15.6,17.1,3.7
Bronx,36005011700,38.3,55.3,25483,33.4,16.8,5.6
Bronx,36005014701,46.0,78.7,14334,61.0,24.8,2.6
Bronx,36005028800,31.8,28.0,91125,4.9,3.6,1.4
Bronx,36005045102,34.6,33.9,80139,4.6,4.7,0.8
Bronx,36005034500,42.4,43.2,61938,15.3,6.9,6.6
Bronx,36005035600,45.3,47.4,60694,5.6,12.5,1.9
Bronx,36005035900,45.0,50.8,22250,44.4,23.1,8.2
Bronx,36005036800,46.2,48.1,43889,19.2,22.6,0.6
Bronx,36005038600,48.8,62.2,54904,13.3,13.2,0.2
Bronx,36005000400,45.0,44.6,74836,13.2,9.5,2.1
Bronx,36005000200,43.0,38.6,72034,20.0,7.7,0.0
Bronx,36005003500,41.6,64.7,26541,36.3,11.8,4.7
Manhattan,36061004200,21.6,47.7,146304,11.5,6.5,9.4
Manhattan,36061005700,25.4,54.3,150833,4.5,4.8,8.5
Manhattan,36061008700,23.5,52.9,122569,4.6,4.8,3.7
Manhattan,36061027100,40.1,60.5,49750,27.6,13.7,6.7
Manhattan,36061030300,41.4,69.9,54718,32.6,10.4,9.4
Manhattan,36061030700,44.6,70.8,71250,5.3,8.0,4.6
Manhattan,36061001002,40.9,70.5,17560,38.9,18.3,0.0
Manhattan,36061001800,29.8,55.1,59416,26.0,4.2,11.3
Manhattan,36061021100,33.4,63.7,53389,29.5,5.5,6.6
Manhattan,36061021600,32.5,76.7,46250,23.6,8.2,4.8
Manhattan,36061021900,40.7,86.0,19025,43.0,9.0,2.8
Manhattan,36061023700,41.1,78.3,37232,17.2,8.3,1.9
Manhattan,36061025100,39.4,68.6,28688,32.7,18.4,4.8
Manhattan,36061026700,36.1,50.4,39033,18.5,10.0,0.8
Manhattan,36061003700,24.5,56.2,129904,4.9,3.4,7.2
Manhattan,36061008601,24.6,35.4,142299,5.6,3.6,5.2
Manhattan,36061008603,26.1,25.0,142304,5.1,3.7,9.0
Manhattan,36061004400,29.7,58.1,93010,13.1,2.6,9.2
Manhattan,36061017200,32.0,72.5,35017,22.5,13.1,7.3
Manhattan,36061021303,36.9,71.6,37628,34.7,4.1,9.9
Manhattan,36061021500,31.2,71.9,33477,28.3,9.6,7.5
Manhattan,36061022700,35.6,77.8,47597,26.8,9.9,6.1
Manhattan,36061023100,39.0,81.7,45262,22.1,9.7,1.3
Manhattan,36061023801,37.0,79.6,86712,10.2,5.1,1.6
Manhattan,36061023802,39.9,70.9,114545,18.2,7.0,7.5
Manhattan,36061024200,37.1,78.4,18275,48.2,10.4,1.9
Manhattan,36061025700,36.2,75.3,76686,10.9,8.5,10.5
Manhattan,36061025900,33.3,68.0,54913,25.0,11.9,1.6
Manhattan,36061029900,46.9,76.8,23661,37.6,19.3,2.4
Manhattan,36061031703,23.6,45.1,182401,4.3,2.7,4.1
Manhattan,36061019800,29.6,65.9,70481,16.8,9.1,7.8
Bronx,36005004400,43.2,72.4,22719,34.8,26.1,2.8
Bronx,36005004800,42.1,71.0,30301,33.2,14.0,3.4
Bronx,36005005902,40.1,66.5,38542,26.9,14.2,8.7
Bronx,36005008300,42.1,74.2,19818,41.9,14.1,3.5
Bronx,36005008400,41.8,54.2,60135,13.6,10.2,0.0
Manhattan,36061001200,30.7,54.6,41705,17.6,5.5,2.6
Manhattan,36061001401,29.0,60.1,76250,5.7,1.8,8.2
Manhattan,36061001501,22.5,50.6,81867,10.3,5.0,5.0
Manhattan,36061004300,27.8,66.6,71635,18.0,8.6,5.8
Manhattan,36061004900,22.9,46.8,97929,4.7,5.0,9.2
Manhattan,36061003602,27.1,56.7,81250,24.7,15.5,11.8
Manhattan,36061004800,23.9,52.3,106789,9.3,7.3,10.1
Bronx,36005014702,44.9,80.9,17782,57.8,19.7,2.2
Bronx,36005015200,36.3,33.0,70162,14.0,8.5,1.7
Bronx,36005015900,46.3,67.6,16027,51.0,13.1,1.6
Bronx,36005017701,30.2,49.9,25022,46.7,15.6,0.0
Bronx,36005017702,41.2,62.4,23485,42.1,15.7,8.9
Bronx,36005017901,39.7,68.0,21376,44.3,15.7,6.3
Bronx,36005017902,43.3,75.9,20852,41.3,13.9,10.7
Bronx,36005018101,41.1,68.0,27371,34.5,12.0,2.4
Bronx,36005018102,41.0,80.4,38250,33.7,14.8,3.0
Bronx,36005018301,35.8,56.0,29987,23.9,16.3,8.0
Bronx,36005018302,43.5,65.3,31324,36.4,16.8,9.3
Bronx,36005018500,48.4,65.1,26496,43.8,19.7,8.7
Manhattan,36061031704,33.5,60.3,152692,3.8,3.9,5.0
Bronx,36005040304,40.6,66.3,34643,34.4,17.5,5.4
Bronx,36005040501,40.5,75.3,34009,26.6,12.9,3.0
Bronx,36005040502,37.5,65.4,23583,37.2,20.9,1.9
Bronx,36005043400,46.1,50.3,43722,14.7,12.7,1.7
Bronx,36005044400,50.8,52.6,67727,17.0,10.3,4.5
Bronx,36005045600,44.4,37.3,74254,7.4,5.5,3.4
Manhattan,36061010900,24.1,48.4,135750,16.7,4.3,5.7
Manhattan,36061007500,25.7,46.4,113682,4.5,8.0,14.6
Manhattan,36061008300,28.0,68.0,69303,18.5,11.3,6.4
Manhattan,36061009700,29.2,39.9,43948,16.9,12.4,1.3
Manhattan,36061010601,30.9,39.2,125488,5.5,6.5,12.0
Manhattan,36061011300,17.9,44.4,82361,19.0,0.0,3.7
Manhattan,36061012100,25.8,41.8,62301,9.9,7.1,7.5
Manhattan,36061012200,23.1,17.3,156218,3.2,0.8,18.4
Manhattan,36061012600,34.9,43.7,112614,2.7,2.3,9.8
Manhattan,36061012900,28.5,48.2,111290,12.5,7.4,3.0
Manhattan,36061013700,24.0,40.0,142982,8.4,4.5,13.3
Manhattan,36061013800,31.3,63.6,118358,7.4,5.3,9.7
Manhattan,36061015200,34.5,66.1,82308,13.1,3.1,13.4
Manhattan,36061010100,23.6,41.1,159821,11.4,5.7,7.9
Manhattan,36061012700,25.3,43.7,69578,12.5,6.6,7.8
Manhattan,36061013100,27.5,44.4,85195,20.0,4.4,4.3
Manhattan,36061013300,25.3,50.5,81974,14.5,7.9,3.3
Manhattan,36061014200,24.1,27.8,235455,5.9,1.9,14.9
Manhattan,36061014900,27.9,46.6,154972,5.1,4.3,7.6
Manhattan,36061015001,29.2,57.3,151625,12.4,3.0,8.1
Manhattan,36061015002,28.0,49.1,156500,3.5,2.6,16.9
Manhattan,36061015400,37.9,67.1,80803,9.2,6.8,5.0
Manhattan,36061016300,29.1,71.0,109971,8.6,4.3,8.9
Manhattan,36061008900,27.6,52.9,89315,12.3,3.2,9.8
Manhattan,36061009900,26.0,42.5,128906,7.4,5.8,4.1
Manhattan,36061000600,30.3,37.0,19863,44.7,8.7,2.9
Manhattan,36061000800,33.2,43.1,27137,28.9,10.3,2.4
Manhattan,36061002400,34.8,55.7,22676,38.2,10.5,4.7
Manhattan,36061002500,40.6,59.6,16527,47.6,17.8,0.0
Manhattan,36061002900,29.4,45.5,30629,20.6,3.3,2.1
Manhattan,36061005400,23.2,57.2,132813,4.7,1.2,8.6
Manhattan,36061007100,27.0,60.4,125028,8.2,4.3,7.8
Manhattan,36061007900,24.7,49.4,83922,8.8,4.7,11.6
Manhattan,36061010800,26.9,44.1,127109,3.8,4.0,9.6
Manhattan,36061011000,24.9,49.6,103797,5.4,6.7,4.8
Manhattan,36061011201,20.2,29.1,138250,7.4,2.1,14.2
Manhattan,36061011600,25.7,44.0,72152,5.4,5.0,6.9
Manhattan,36061012400,28.2,45.8,117225,7.1,1.9,3.7
Manhattan,36061011500,30.2,45.0,86741,18.8,7.7,6.1
Manhattan,36061011700,26.8,53.2,107125,12.4,6.3,2.5
Manhattan,36061013000,21.2,19.1,244375,7.1,4.2,12.3
Manhattan,36061013500,28.0,41.0,62290,18.6,5.7,3.7
Manhattan,36061014401,33.6,52.6,101750,4.1,5.0,11.8
Manhattan,36061014602,30.7,70.2,97632,4.4,3.6,8.7
Manhattan,36061014802,31.1,66.8,109493,5.1,1.4,10.3
Manhattan,36061015802,28.7,67.5,100642,5.7,4.6,2.5
Manhattan,36061016002,24.1,46.6,87167,11.0,5.0,11.4
Manhattan,36061009600,25.7,26.7,135313,8.1,4.1,7.8
Manhattan,36061010000,24.9,42.3,112098,8.5,3.6,3.8
Manhattan,36061010602,23.9,25.5,120053,4.6,2.5,5.6
Manhattan,36061011401,20.7,37.0,197500,3.2,0.6,8.5
Manhattan,36061012800,26.0,40.5,175259,4.5,5.9,10.5
Manhattan,36061015300,25.4,53.0,140083,4.0,6.1,6.6
Manhattan,36061017000,36.9,82.4,30711,30.1,12.8,0.8
Manhattan,36061005200,21.0,48.4,168375,11.9,5.6,13.5
Manhattan,36061005501,23.0,30.3,134417,4.8,3.6,2.6
Manhattan,36061006000,30.7,47.2,106310,11.0,5.7,5.2
Manhattan,36061006100,23.4,48.2,108973,5.0,4.0,12.4
Manhattan,36061007200,25.0,52.4,104272,9.2,6.7,6.8
Manhattan,36061007400,20.8,37.0,128618,12.2,5.7,4.9
Manhattan,36061000201,33.0,45.4,20521,48.6,2.6,1.7
Manhattan,36061027700,44.2,73.0,28449,38.6,10.0,5.1
Manhattan,36061011100,31.1,53.1,105750,16.1,4.2,4.6
Manhattan,36061011402,23.4,39.1,151131,4.0,5.7,9.1
Manhattan,36061014000,26.8,61.2,137700,6.9,5.5,8.9
Manhattan,36061015100,32.4,61.2,67125,21.9,6.2,4.6
Manhattan,36061015602,32.6,82.2,50455,21.7,10.1,3.4
Manhattan,36061016800,35.2,69.9,26136,37.5,15.1,0.6
Manhattan,36061017300,35.4,73.6,113750,3.9,3.2,9.1
Manhattan,36061017500,27.2,71.3,137344,3.5,4.2,8.8
Bronx,36005023301,38.7,62.8,26250,36.6,13.2,4.0
Bronx,36005016900,40.4,61.0,27697,39.4,25.2,0.0
Bronx,36005017300,44.1,75.8,18720,36.7,17.5,2.4
Bronx,36005024600,38.9,41.7,63516,5.8,8.9,2.0
Bronx,36005025000,36.0,37.9,54726,11.8,9.0,4.3
Bronx,36005025200,36.2,41.2,60625,23.8,10.8,0.4
Bronx,36005025700,41.0,74.3,28203,28.0,18.0,0.0
Manhattan,36061019200,33.7,77.2,16206,56.6,18.8,2.9
Manhattan,36061019500,37.2,76.0,117045,12.3,6.6,7.5
Manhattan,36061019900,28.0,53.5,76902,19.2,6.4,4.5
Manhattan,36061020500,24.2,36.0,111875,3.9,5.1,14.0
Manhattan,36061023000,38.5,70.6,35569,27.7,13.9,6.0
Manhattan,36061023501,39.3,72.9,34846,41.3,14.0,5.0
Manhattan,36061023600,35.9,77.5,36540,18.5,23.8,0.0
Manhattan,36061016900,30.4,73.9,107401,7.5,3.3,7.9
Manhattan,36061017100,30.6,77.7,115331,8.4,3.9,7.0
Manhattan,36061017900,32.5,71.3,75997,10.8,5.3,10.8
Manhattan,36061018200,33.3,82.7,23451,43.0,9.6,2.9
Manhattan,36061018300,30.9,67.4,100956,6.4,3.9,7.7
Manhattan,36061026900,42.1,67.2,32585,22.3,10.4,0.0
Manhattan,36061028100,40.7,68.6,107727,5.2,6.1,9.2
